cookie,timestamp
cJdjJSVC6e73Hcjd,2019-11-24T14:20:00+00:00
hcascHJKgfvhd757,2019-11-23T14:20:00+00:00
hcascHJKgfvhd757,2019-11-22T14:25:00+00:00
cJdjJSVC6e73Hcjd,2019-11-22T14:23:00+00:00
cJdjJSVC6e73Hcjd,2019-11-21T14:22:00+00:00
hcascHJKgfvhd757,2019-11-20T14:21:00+00:00
cJdjJSVC6e73Hcjd,2019-11-19T13:20:00+00:00
hcascHJKgfvhd757,2019-11-19T13:20:00+00:00
RtY4laMMT6nU91hJ,2019-11-18T12:20:00+00:00
cJdjJSVC6e73Hcjd,2019-11-18T14:20:00+00:00
hcascHJKgfvhd757,2019-11-18T14:20:00+00:00
hcascHJKgfvhd757,2019-11-17T14:25:00+00:00
cJdjJSVC6e73Hcjd,2019-11-16T14:23:00+00:00
cJdjJSVC6e73Hcjd,2019-11-15T14:22:00+00:00
hcascHJKgfvhd757,2019-11-15T14:21:00+00:00
cJdjJSVC6e73Hcjd,2019-11-15T13:20:00+00:00
hcascHJKgfvhd757,2019-11-14T13:20:00+00:00
RtY4laMMT6nU91hJ,2019-11-14T12:20:00+00:00
kHu7Kngfskc8Y6&s,2019-11-14T11:19:00+00:00
RtY4laMMT6nU91hJ,2019-11-14T10:19:00+00:00
cJdjJSVC6e73Hcjd,2019-11-14T14:20:00+00:00
hcascHJKgfvhd757,2019-11-13T14:25:00+00:00
hcascHJKgfvhd757,2019-11-13T14:20:00+00:00
cJdjJSVC6e73Hcjd,2019-11-12T14:23:00+00:00
cJdjJSVC6e73Hcjd,2019-11-12T14:22:00+00:00
hcascHJKgfvhd757,2019-11-12T14:21:00+00:00
cJdjJSVC6e73Hcjd,2019-11-12T13:20:00+00:00
hcascHJKgfvhd757,2019-11-12T13:20:00+00:00
RtY4laMMT6nU91hJ,2019-11-12T12:20:00+00:00
kHu7Kngfskc8Y6&s,2019-11-12T11:19:00+00:00
RtY4laMMT6nU91hJ,2019-11-12T10:19:00+00:00